<?xml version="1.0" encoding="UTF-8"?>
<DockingPaneLayouts CompactMode="1">
	<WorkspacePaneLayout>
		<Summary Panes="22" TopContainer="11" Client="16"/>
		<Pane-1 Type="0" DockingCX="200" DockingCY="120" Title="Workspace\n\n" ID="22000" DockingHolder="14" LastHolder="14"/>
		<Pane-2 Type="0" DockingCX="240" DockingCY="120" Title="Properties\n\n" ID="22001" DockingHolder="18" LastHolder="18"/>
		<Pane-3 Type="0" DockingCX="200" DockingCY="120" Title="Output\n\n" ID="22002" DockingHolder="21" LastHolder="21"/>
		<Pane-4 Type="0" DockingCX="200" DockingCY="120" Title="Search\n\n" ID="22003" DockingHolder="22" LastHolder="22"/>
		<Pane-5 Type="0" DockingCX="200" DockingCY="120" Title="Layout Tree\n\n" ID="22004" DockingHolder="19" LastHolder="19"/>
		<Pane-6 Type="0" DockingCX="200" DockingCY="120" Title="Hand Edit Tree\n\n" ID="22005" DockingHolder="19" LastHolder="19"/>
		<Pane-7 Type="0" DockingCX="200" DockingCY="120" Title="Robot Parts Edit Tree\n\n" ID="22007" DockingHolder="19" LastHolder="19"/>
		<Pane-8 Type="0" DockingCX="200" DockingCY="120" Title="User Mech. Edit Tree\n\n" ID="22008" DockingHolder="19" LastHolder="19"/>
		<Pane-9 Type="0" DockingCX="300" DockingCY="300" Title="Operation Panel\n\n" ID="22009" DockingHolder="15" LastHolder="15" Tag="-1"/>
		<Pane-10 Type="0" DockingCX="200" DockingCY="120" Title="MELFA-Works\n\n" ID="22006" DockingHolder="14" LastHolder="14"/>
		<Pane-11 Type="2" Horiz="1" Panes="1" Pane-1="12"/>
		<Pane-12 Type="2" DockingCY="602" Panes="2" Pane-1="13" Pane-2="20"/>
		<Pane-13 Type="2" DockingCY="570" Horiz="1" Panes="4" Pane-1="14" Pane-2="15" Pane-3="16" Pane-4="17"/>
		<Pane-14 Type="1" DockingCX="200" DockingCY="120" Panes="1" Selected="1" Pane-1="1"/>
		<Pane-15 Type="1" DockingCX="300" DockingCY="300" Panes="0"/>
		<Pane-16 Type="4" DockingCX="893"/>
		<Pane-17 Type="2" DockingCX="179" DockingCY="120" Panes="2" Pane-1="18" Pane-2="19"/>
		<Pane-18 Type="1" DockingCX="240" DockingCY="120" Panes="1" Selected="2" Pane-1="2"/>
		<Pane-19 Type="1" DockingCX="200" DockingCY="120" Panes="0"/>
		<Pane-20 Type="2" DockingCX="200" DockingCY="28" Horiz="1" Panes="2" Pane-1="21" Pane-2="22"/>
		<Pane-21 Type="1" DockingCX="200" DockingCY="120" Panes="1" Selected="3" Pane-1="3"/>
		<Pane-22 Type="1" DockingCX="200" DockingCY="120" Panes="1" Selected="4" Pane-1="4"/>
	</WorkspacePaneLayout>
</DockingPaneLayouts>
