<?xml version="1.0" encoding="UTF-8" standalone="yes"?>
<Workspace>
	<Workspace_Title/>
	<Workspace_Vertion>1.7.0</Workspace_Vertion>
	<Workspace_Date>2024/12/25 19:56:44</Workspace_Date>
	<Project>PR1</Project>
	<Display3D>
		<RobotModelType>0</RobotModelType>
	</Display3D>
	<ScreenRect>
		<Screen160>
			<AdditionalInfo/>
			<Left>0</Left>
			<Top>0</Top>
			<Right>362</Right>
			<Bottom>440</Bottom>
		</Screen160>
	</ScreenRect>
	<LastLayoutSelect>Layout1</LastLayoutSelect>
</Workspace>