<?xml version="1.0" encoding="UTF-8" standalone="yes"?>
<Project>
	<CommuSetting>
		<RS-232>
			<Protocol>1</Protocol>
			<Port>1</Port>
			<Speed>9600</Speed>
			<Size>8</Size>
			<Parity>2</Parity>
			<StopBits>2</StopBits>
			<SendTimeout>5000</SendTimeout>
			<RecvTimeout>30000</RecvTimeout>
			<Retry>3</Retry>
		</RS-232>
		<TCPIP>
			<Adress>192.168.0.1</Adress>
			<Port>10001</Port>
			<SendTimeout>5000</SendTimeout>
			<RecvTimeout>30000</RecvTimeout>
			<Retry>0</Retry>
		</TCPIP>
		<USB>
			<SendTimeout>5000</SendTimeout>
			<RecvTimeout>30000</RecvTimeout>
			<Retry>3</Retry>
		</USB>
	</CommuSetting>
	<ScreenRect>
		<Screen392>
			<AdditionalInfo>JENGA</AdditionalInfo>
			<Left>323</Left>
			<Top>5</Top>
			<Right>963</Right>
			<Bottom>407</Bottom>
		</Screen392>
		<Screen490>
			<AdditionalInfo/>
			<Left>-2</Left>
			<Top>448</Top>
			<Right>311</Right>
			<Bottom>761</Bottom>
		</Screen490>
		<Screen392>
			<AdditionalInfo>JENGA.prg</AdditionalInfo>
			<Left>80</Left>
			<Top>0</Top>
			<Right>818</Right>
			<Bottom>414</Bottom>
		</Screen392>
		<Screen230>
			<AdditionalInfo/>
			<Left>69</Left>
			<Top>52</Top>
			<Right>708</Right>
			<Bottom>428</Bottom>
		</Screen230>
		<Screen392>
			<AdditionalInfo>TEST</AdditionalInfo>
			<Left>102</Left>
			<Top>29</Top>
			<Right>742</Right>
			<Bottom>429</Bottom>
		</Screen392>
		<Screen225>
			<AdditionalInfo>1</AdditionalInfo>
			<Left>-34</Left>
			<Top>-7</Top>
			<Right>867</Right>
			<Bottom>507</Bottom>
		</Screen225>
		<Screen392>
			<AdditionalInfo>JENGAP</AdditionalInfo>
			<Left>323</Left>
			<Top>4</Top>
			<Right>963</Right>
			<Bottom>447</Bottom>
		</Screen392>
		<Screen225>
			<AdditionalInfo>9</AdditionalInfo>
			<Left>-108</Left>
			<Top>2</Top>
			<Right>793</Right>
			<Bottom>516</Bottom>
		</Screen225>
		<Screen392>
			<AdditionalInfo>JENGAZ</AdditionalInfo>
			<Left>319</Left>
			<Top>3</Top>
			<Right>959</Right>
			<Bottom>446</Bottom>
		</Screen392>
		<Screen392>
			<AdditionalInfo>TEST2</AdditionalInfo>
			<Left>236</Left>
			<Top>2</Top>
			<Right>876</Right>
			<Bottom>441</Bottom>
		</Screen392>
		<Screen392>
			<AdditionalInfo>JENGAZ2</AdditionalInfo>
			<Left>312</Left>
			<Top>1</Top>
			<Right>940</Right>
			<Bottom>435</Bottom>
		</Screen392>
		<Screen392>
			<AdditionalInfo>JENGAZ3</AdditionalInfo>
			<Left>324</Left>
			<Top>-9</Top>
			<Right>964</Right>
			<Bottom>434</Bottom>
		</Screen392>
		<Screen145>
			<AdditionalInfo/>
			<Left>52</Left>
			<Top>52</Top>
			<Right>774</Right>
			<Bottom>445</Bottom>
		</Screen145>
		<Screen392>
			<AdditionalInfo>JENGAZ4</AdditionalInfo>
			<Left>321</Left>
			<Top>-1</Top>
			<Right>1063</Right>
			<Bottom>442</Bottom>
		</Screen392>
		<Screen392>
			<AdditionalInfo>JENGAZ5</AdditionalInfo>
			<Left>364</Left>
			<Top>0</Top>
			<Right>1001</Right>
			<Bottom>441</Bottom>
		</Screen392>
		<Screen392>
			<AdditionalInfo>JENGAZ6</AdditionalInfo>
			<Left>235</Left>
			<Top>-7</Top>
			<Right>875</Right>
			<Bottom>433</Bottom>
		</Screen392>
		<Screen392>
			<AdditionalInfo>JENGA7</AdditionalInfo>
			<Left>364</Left>
			<Top>-2</Top>
			<Right>1004</Right>
			<Bottom>530</Bottom>
		</Screen392>
		<Screen392>
			<AdditionalInfo>JENGAZ6.prg</AdditionalInfo>
			<Left>0</Left>
			<Top>-3</Top>
			<Right>879</Right>
			<Bottom>532</Bottom>
		</Screen392>
	</ScreenRect>
	<ProjComment/>
	<RCtype>1</RCtype>
	<MECHA1>RV-3S</MECHA1>
	<RLNG>1</RLNG>
	<Localization/>
	<Travel_prm_set>0</Travel_prm_set>
	<Travel_use>0</Travel_use>
	<Travel_direct>0</Travel_direct>
	<Travel_joint>0</Travel_joint>
	<Travel_plus>1000.000</Travel_plus>
	<Travel_minus>-1000.000</Travel_minus>
	<Travel_limit_plus>1000.000</Travel_limit_plus>
	<Travel_limit_minus>-1000.000</Travel_limit_minus>
	<Travel_display>1</Travel_display>
	<Travel_width>800.000</Travel_width>
	<Travel_high>300.000</Travel_high>
	<Travel_pitch>0.000</Travel_pitch>
	<Travel_use2>0</Travel_use2>
	<Travel_direct2>1</Travel_direct2>
	<Travel_joint2>1</Travel_joint2>
	<Travel_plus2>1000.000</Travel_plus2>
	<Travel_minus2>-1000.000</Travel_minus2>
	<Travel_limit_plus2>1000.000</Travel_limit_plus2>
	<Travel_limit_minus2>-1000.000</Travel_limit_minus2>
	<Travel_display2>1</Travel_display2>
	<Travel_width2>800.000</Travel_width2>
	<Travel_high2>300.000</Travel_high2>
	<Travel_pitch2>0.000</Travel_pitch2>
	<Connect>1</Connect>
</Project>